id,lat,lon,tags
poi_1,47.372433,8.538833,welding construction drill machine equipment
poi_2,47.376475,8.539551,car traffic road driving highway
poi_3,47.375306,8.532909,busker drums rock violin flute
poi_4,47.366654,8.537197,bee insect water lake tree
poi_5,47.370322,8.544833,animal dog park garden bird
poi_6,47.383281,8.537119,bee insect water lake tree
poi_7,47.377185,8.542391,crowd people talk laugh market
poi_8,47.381095,8.531634,bird water river garden park
poi_9,47.375044,8.540173,music guitar concert band song
poi_10,47.37699,8.538537,bird water river garden park
poi_11,47.381239,8.534652,museum library church indoor hall
poi_12,47.384363,8.53486,market talk laugh people cafe
poi_13,47.38151,8.539493,taxi horn engine motor vehicle
poi_14,47.375045,8.532588,motorcycle scooter bicycle road
poi_15,47.381668,8.535318,flower forest rain sky creek
poi_16,47.380861,8.53206,taxi horn engine motor vehicle
poi_17,47.373297,8.538369,taxi horn engine motor vehicle
poi_18,47.367334,8.543741,flower forest rain sky creek
poi_19,47.377806,8.542889,concert band music festival jazz
poi_20,47.373096,8.53565,piano jazz classical melody festival
poi_21,47.37646,8.536351,taxi horn engine motor vehicle
poi_22,47.373082,8.539499,animal dog park garden bird
poi_23,47.366586,8.537063,bird water river garden park
poi_24,47.376619,8.543146,market talk laugh people cafe
poi_25,47.37908,8.53017,church library station indoor heating
poi_26,47.370048,8.535655,tree leaves wind lake grass
poi_27,47.382274,8.537029,station airport office elevator door
poi_28,47.367166,8.547129,tree leaves wind lake grass
poi_29,47.37607,8.541993,busker drums rock violin flute
poi_30,47.38152,8.533024,cafe restaurant conversation voice chat
poi_31,47.371111,8.535783,flower forest rain sky creek
poi_32,47.377114,8.537739,car traffic road driving highway
poi_33,47.36691,8.54858,animal dog park garden bird
poi_34,47.379464,8.533331,saw equipment pump generator compressor
poi_35,47.374149,8.535947,motorcycle scooter bicycle road
poi_36,47.373749,8.530423,fan ventilation heating indoor ac
poi_37,47.365963,8.539303,piano jazz classical melody festival
poi_38,47.38114,8.528063,children footsteps cheer applause speech
poi_39,47.370845,8.543232,truck siren traffic highway driving
poi_40,47.378778,8.531457,bird water river garden park
poi_41,47.367939,8.546908,bird water river garden park
poi_42,47.382177,8.528197,tram train bus public transport
poi_43,47.367039,8.535023,bee insect water lake tree
poi_44,47.379311,8.536019,taxi horn engine motor vehicle
poi_45,47.379534,8.538161,concert band music festival jazz
poi_46,47.373905,8.537052,children footsteps cheer applause speech
poi_47,47.376484,8.5405,cafe restaurant conversation voice chat
poi_48,47.377715,8.541028,car traffic road driving highway
poi_49,47.375276,8.543695,bar people shout crowd sing
poi_50,47.382422,8.537738,bar people shout crowd sing
poi_51,47.372934,8.530657,car traffic road driving highway
poi_52,47.3776,8.541608,factory industrial hammer metal crane
poi_53,47.379773,8.537039,children footsteps cheer applause speech
poi_54,47.378658,8.534979,taxi horn engine motor vehicle
poi_55,47.384226,8.53692,welding construction drill machine equipment
poi_56,47.377842,8.541473,concert band music festival jazz
poi_57,47.376807,8.54309,market talk laugh people cafe
poi_58,47.368818,8.539818,flower forest rain sky creek
poi_59,47.374675,8.543024,bar people shout crowd sing
poi_60,47.374683,8.543088,bee insect water lake tree
poi_61,47.379922,8.53976,music guitar concert band song
poi_62,47.380543,8.537613,museum library church indoor hall
poi_63,47.370941,8.545171,tree leaves wind lake grass
poi_64,47.37236,8.539677,truck siren traffic highway driving
poi_65,47.376051,8.540186,fan ventilation heating indoor ac
poi_66,47.383342,8.534887,motorcycle scooter bicycle road
poi_67,47.375897,8.539747,cafe restaurant conversation voice chat
poi_68,47.381624,8.538963,children footsteps cheer applause speech
poi_69,47.379502,8.535343,escalator door office hall museum
poi_70,47.365858,8.547792,animal dog park garden bird
poi_71,47.378105,8.544513,fan ventilation heating indoor ac
poi_72,47.3755,8.534355,tram train bus public transport
poi_73,47.370556,8.542631,tree leaves wind lake grass
poi_74,47.366657,8.54241,bee insect water lake tree
poi_75,47.374804,8.544881,crowd people talk laugh market
poi_76,47.373093,8.544994,market talk laugh people cafe
poi_77,47.383384,8.53788,children footsteps cheer applause speech
poi_78,47.3745,8.540202,truck siren traffic highway driving
poi_79,47.370374,8.536935,crowd people talk laugh market
poi_80,47.375181,8.534562,tram train bus public transport
poi_81,47.377685,8.541632,crowd people talk laugh market
poi_82,47.373178,8.544694,children footsteps cheer applause speech
poi_83,47.375026,8.53253,station airport office elevator door
poi_84,47.369611,8.545809,market talk laugh people cafe
poi_85,47.378252,8.530426,truck siren traffic highway driving
poi_86,47.375907,8.543369,music guitar concert band song
poi_87,47.384223,8.534547,taxi horn engine motor vehicle
poi_88,47.379714,8.537688,animal dog park garden bird
poi_89,47.376886,8.532371,motorcycle scooter bicycle road
poi_90,47.367381,8.537155,saw equipment pump generator compressor
poi_91,47.377852,8.538915,concert band music festival jazz
poi_92,47.373191,8.536997,tram train bus public transport
poi_93,47.365678,8.539353,bee insect water lake tree
poi_94,47.379738,8.538384,children footsteps cheer applause speech
poi_95,47.373139,8.539115,welding construction drill machine equipment
poi_96,47.384154,8.533968,bar people shout crowd sing
poi_97,47.384767,8.530582,bird water river garden park
poi_98,47.374969,8.544176,escalator door office hall museum
poi_99,47.37522,8.54393,busker drums rock violin flute
poi_100,47.376583,8.540562,concert band music festival jazz
poi_101,47.367538,8.539329,animal dog park garden bird
poi_102,47.376952,8.542363,station airport office elevator door
poi_103,47.373939,8.541923,taxi horn engine motor vehicle
poi_104,47.366393,8.542637,crowd people talk laugh market
poi_105,47.37137,8.534996,welding construction drill machine equipment
poi_106,47.369244,8.542733,bee insect water lake tree
poi_107,47.372975,8.544934,taxi horn engine motor vehicle
poi_108,47.375044,8.541568,concert band music festival jazz
poi_109,47.374849,8.538116,music guitar concert band song
poi_110,47.382086,8.537561,museum library church indoor hall
poi_111,47.379859,8.535867,concert band music festival jazz
poi_112,47.37005,8.543753,bee insect water lake tree
poi_113,47.379034,8.536169,crowd people talk laugh market
poi_114,47.365133,8.539705,tree leaves wind lake grass
poi_115,47.381513,8.535338,car traffic road driving highway
poi_116,47.368631,8.543413,escalator door office hall museum
poi_117,47.380196,8.530078,busker drums rock violin flute
poi_118,47.376055,8.544074,fan ventilation heating indoor ac
poi_119,47.379346,8.530958,tram train bus public transport
poi_120,47.376627,8.542934,escalator door office hall museum
poi_121,47.374879,8.541923,flower forest rain sky creek
poi_122,47.372731,8.542736,choir orchestra trumpet song dj
poi_123,47.377728,8.543632,children footsteps cheer applause speech
poi_124,47.373464,8.536636,motorcycle scooter bicycle road
poi_125,47.366414,8.543079,fan ventilation heating indoor ac
poi_126,47.365765,8.546113,bird water river garden park
poi_127,47.369466,8.535787,animal dog park garden bird
poi_128,47.376812,8.532062,station airport office elevator door
poi_129,47.38257,8.538568,tram train bus public transport
poi_130,47.373927,8.542521,bird water river garden park
poi_131,47.368746,8.545847,station airport office elevator door
poi_132,47.384176,8.530109,choir orchestra trumpet song dj
poi_133,47.379304,8.536988,saw equipment pump generator compressor
poi_134,47.370093,8.538519,taxi horn engine motor vehicle
poi_135,47.374726,8.542489,station airport office elevator door
poi_136,47.37991,8.537706,animal dog park garden bird
poi_137,47.376312,8.538099,busker drums rock violin flute
poi_138,47.366228,8.547842,welding construction drill machine equipment
poi_139,47.37252,8.542685,cafe restaurant conversation voice chat
poi_140,47.380265,8.530977,tree leaves wind lake grass
poi_141,47.383276,8.539448,bee insect water lake tree
poi_142,47.372616,8.535393,car traffic road driving highway
poi_143,47.380148,8.532865,taxi horn engine motor vehicle
poi_144,47.376387,8.54411,tram train bus public transport
poi_145,47.371702,8.542173,bee insect water lake tree
poi_146,47.374495,8.541845,concert band music festival jazz
poi_147,47.370333,8.545205,crowd people talk laugh market
poi_148,47.381697,8.532341,music guitar concert band song
poi_149,47.378288,8.543543,truck siren traffic highway driving
poi_150,47.366152,8.547817,tree leaves wind lake grass
poi_151,47.378637,8.534125,welding construction drill machine equipment
poi_152,47.368593,8.541852,animal dog park garden bird
poi_153,47.37634,8.540772,tram train bus public transport
poi_154,47.370453,8.535168,car traffic road driving highway
poi_155,47.379861,8.537081,tram train bus public transport
poi_156,47.370361,8.549675,bar people shout crowd sing
poi_157,47.377957,8.540677,animal dog park garden bird
poi_158,47.378562,8.53957,crane jackhammer demolition industrial metal
poi_159,47.372712,8.54495,piano jazz classical melody festival
poi_160,47.370844,8.546343,escalator door office hall museum
poi_161,47.381724,8.53788,children footsteps cheer applause speech
poi_162,47.36693,8.549061,car traffic road driving highway
poi_163,47.378095,8.536289,music guitar concert band song
poi_164,47.366443,8.536513,bee insect water lake tree
poi_165,47.372447,8.530664,truck siren traffic highway driving
poi_166,47.370281,8.546641,flower forest rain sky creek
poi_167,47.370711,8.545973,bee insect water lake tree
poi_168,47.373421,8.544134,factory industrial hammer metal crane
poi_169,47.367895,8.539127,market talk laugh people cafe
poi_170,47.369382,8.541408,flower forest rain sky creek
poi_171,47.383501,8.531825,tree leaves wind lake grass
poi_172,47.374259,8.543281,piano jazz classical melody festival
poi_173,47.377145,8.53901,music guitar concert band song
poi_174,47.384775,8.534687,cafe restaurant conversation voice chat
poi_175,47.37322,8.542527,flower forest rain sky creek
poi_176,47.375356,8.542441,motorcycle scooter bicycle road
poi_177,47.378736,8.532822,concert band music festival jazz
poi_178,47.368356,8.548042,bird water river garden park
poi_179,47.37156,8.549431,animal dog park garden bird
poi_180,47.369869,8.545557,tree leaves wind lake grass
poi_181,47.376653,8.540665,fan ventilation heating indoor ac
poi_182,47.373569,8.54159,music guitar concert band song
poi_183,47.383331,8.531843,children footsteps cheer applause speech
poi_184,47.37832,8.538369,museum library church indoor hall
poi_185,47.37532,8.542088,taxi horn engine motor vehicle
poi_186,47.366373,8.53845,cafe restaurant conversation voice chat
poi_187,47.381854,8.539322,animal dog park garden bird
poi_188,47.381226,8.536793,tree leaves wind lake grass
poi_189,47.379288,8.538672,music guitar concert band song
poi_190,47.378391,8.531115,bird water river garden park
poi_191,47.374124,8.542638,tram train bus public transport
poi_192,47.372187,8.53684,truck siren traffic highway driving
poi_193,47.382615,8.528189,motorcycle scooter bicycle road
poi_194,47.370167,8.540833,saw equipment pump generator compressor
poi_195,47.375022,8.540468,tram train bus public transport
poi_196,47.37918,8.537866,truck siren traffic highway driving
poi_197,47.376891,8.539871,busker drums rock violin flute
poi_198,47.381213,8.530918,fan ventilation heating indoor ac
poi_199,47.376537,8.542873,music guitar concert band song
poi_200,47.380655,8.534632,crowd people talk laugh market
poi_201,47.365579,8.54768,children footsteps cheer applause speech
poi_202,47.378948,8.543787,truck siren traffic highway driving
poi_203,47.379898,8.53909,fan ventilation heating indoor ac
poi_204,47.371794,8.542756,tram train bus public transport
poi_205,47.370266,8.545691,bird water river garden park
poi_206,47.372975,8.539683,motorcycle scooter bicycle road
poi_207,47.374303,8.543178,car traffic road driving highway
poi_208,47.372322,8.54106,taxi horn engine motor vehicle
poi_209,47.384782,8.531917,motorcycle scooter bicycle road
poi_210,47.379597,8.534636,tree leaves wind lake grass
poi_211,47.3786,8.535423,museum library church indoor hall
poi_212,47.37268,8.5357,piano jazz classical melody festival
poi_213,47.380217,8.529279,children footsteps cheer applause speech
poi_214,47.380519,8.531237,cafe restaurant conversation voice chat
poi_215,47.381142,8.534657,bird water river garden park
poi_216,47.373539,8.531396,saw equipment pump generator compressor
poi_217,47.378086,8.532966,church library station indoor heating
poi_218,47.369004,8.537544,tree leaves wind lake grass
poi_219,47.373807,8.541452,bar people shout crowd sing
poi_220,47.374527,8.54139,children footsteps cheer applause speech
poi_221,47.370046,8.542437,bar people shout crowd sing
poi_222,47.371355,8.530102,truck siren traffic highway driving
poi_223,47.383629,8.531955,bee insect water lake tree
poi_224,47.367103,8.544048,motorcycle scooter bicycle road
poi_225,47.373066,8.540788,choir orchestra trumpet song dj
poi_226,47.367281,8.539205,busker drums rock violin flute
poi_227,47.379321,8.532997,station airport office elevator door
poi_228,47.37953,8.536924,bar people shout crowd sing
poi_229,47.376988,8.538484,motorcycle scooter bicycle road
poi_230,47.378974,8.531634,tree leaves wind lake grass
poi_231,47.383524,8.528888,choir orchestra trumpet song dj
poi_232,47.381741,8.539082,welding construction drill machine equipment
poi_233,47.377907,8.535393,bee insect water lake tree
poi_234,47.371094,8.533723,cafe restaurant conversation voice chat
poi_235,47.375632,8.539675,children footsteps cheer applause speech
poi_236,47.378742,8.529183,market talk laugh people cafe
poi_237,47.36812,8.540867,concert band music festival jazz
poi_238,47.367415,8.535368,animal dog park garden bird
poi_239,47.371161,8.54411,taxi horn engine motor vehicle
poi_240,47.374732,8.539448,choir orchestra trumpet song dj
poi_241,47.374382,8.540451,taxi horn engine motor vehicle
poi_242,47.378102,8.531726,bird water river garden park
poi_243,47.371509,8.546107,market talk laugh people cafe
poi_244,47.367317,8.541396,animal dog park garden bird
poi_245,47.366305,8.54486,bee insect water lake tree
poi_246,47.368147,8.541443,tree leaves wind lake grass
poi_247,47.366948,8.545556,concert band music festival jazz
poi_248,47.377995,8.538053,tram train bus public transport
poi_249,47.378798,8.536048,taxi horn engine motor vehicle
poi_250,47.382279,8.535044,animal dog park garden bird
poi_251,47.370696,8.54559,bee insect water lake tree
poi_252,47.376721,8.534698,car traffic road driving highway
poi_253,47.367613,8.53712,bee insect water lake tree
poi_254,47.369024,8.541346,bee insect water lake tree
poi_255,47.368884,8.542345,flower forest rain sky creek
poi_256,47.382336,8.538386,choir orchestra trumpet song dj
poi_257,47.366366,8.540759,bar people shout crowd sing
poi_258,47.382793,8.532988,welding construction drill machine equipment
poi_259,47.365579,8.535463,busker drums rock violin flute
poi_260,47.372749,8.538064,motorcycle scooter bicycle road
poi_261,47.381848,8.529359,market talk laugh people cafe
poi_262,47.375252,8.543298,motorcycle scooter bicycle road
poi_263,47.371928,8.536536,piano jazz classical melody festival
poi_264,47.377249,8.538226,crowd people talk laugh market
poi_265,47.384057,8.529409,crane jackhammer demolition industrial metal
poi_266,47.377166,8.542272,concert band music festival jazz
poi_267,47.370494,8.547203,concert band music festival jazz
poi_268,47.375194,8.542178,children footsteps cheer applause speech
poi_269,47.375436,8.544667,museum library church indoor hall
poi_270,47.371739,8.546785,fan ventilation heating indoor ac
poi_271,47.36991,8.53699,flower forest rain sky creek
poi_272,47.37033,8.545144,bee insect water lake tree
poi_273,47.375767,8.540626,crowd people talk laugh market
poi_274,47.381609,8.531339,busker drums rock violin flute
poi_275,47.384652,8.531927,crowd people talk laugh market
poi_276,47.382444,8.536367,factory industrial hammer metal crane
poi_277,47.379525,8.533156,children footsteps cheer applause speech
poi_278,47.37697,8.540364,church library station indoor heating
poi_279,47.383518,8.53873,museum library church indoor hall
poi_280,47.376262,8.542551,tram train bus public transport
poi_281,47.381196,8.539902,tree leaves wind lake grass
poi_282,47.372954,8.544529,children footsteps cheer applause speech
poi_283,47.372495,8.542652,museum library church indoor hall
poi_284,47.382379,8.536712,escalator door office hall museum
poi_285,47.377037,8.530016,crane jackhammer demolition industrial metal
poi_286,47.368636,8.541676,flower forest rain sky creek
poi_287,47.379882,8.536335,car traffic road driving highway
poi_288,47.367681,8.545961,flower forest rain sky creek
poi_289,47.377286,8.53896,tram train bus public transport
poi_290,47.365479,8.543449,cafe restaurant conversation voice chat
poi_291,47.380458,8.530557,escalator door office hall museum
poi_292,47.38402,8.52904,crowd people talk laugh market
poi_293,47.380461,8.533153,station airport office elevator door
poi_294,47.375868,8.539737,church library station indoor heating
poi_295,47.376674,8.542833,taxi horn engine motor vehicle
poi_296,47.368624,8.542643,taxi horn engine motor vehicle
poi_297,47.377838,8.541907,motorcycle scooter bicycle road
poi_298,47.372411,8.539571,car traffic road driving highway
poi_299,47.377604,8.538924,bee insect water lake tree
poi_300,47.380558,8.536195,museum library church indoor hall
poi_301,47.375874,8.530207,car traffic road driving highway
poi_302,47.381546,8.535543,motorcycle scooter bicycle road
poi_303,47.382913,8.528989,truck siren traffic highway driving
poi_304,47.366942,8.539649,cafe restaurant conversation voice chat
poi_305,47.368755,8.540861,crowd people talk laugh market
poi_306,47.376192,8.54311,car traffic road driving highway
poi_307,47.365603,8.541517,bee insect water lake tree
poi_308,47.373093,8.541125,crowd people talk laugh market
poi_309,47.377079,8.540522,taxi horn engine motor vehicle
poi_310,47.373002,8.538889,taxi horn engine motor vehicle
poi_311,47.377714,8.53044,flower forest rain sky creek
poi_312,47.372629,8.544626,bar people shout crowd sing
poi_313,47.381575,8.528665,crane jackhammer demolition industrial metal
poi_314,47.372944,8.543413,bird water river garden park
poi_315,47.370185,8.535039,construction drill hammer machine factory
poi_316,47.365322,8.54046,station airport office elevator door
poi_317,47.375529,8.543709,bar people shout crowd sing
poi_318,47.367253,8.541244,taxi horn engine motor vehicle
poi_319,47.375715,8.531791,crowd people talk laugh market
poi_320,47.366562,8.542737,animal dog park garden bird
poi_321,47.37877,8.54299,busker drums rock violin flute
poi_322,47.372518,8.541197,busker drums rock violin flute
poi_323,47.376437,8.539698,choir orchestra trumpet song dj
poi_324,47.370127,8.543198,piano jazz classical melody festival
poi_325,47.379324,8.530359,construction drill hammer machine factory
poi_326,47.372009,8.542601,taxi horn engine motor vehicle
poi_327,47.372052,8.544747,car traffic road driving highway
poi_328,47.369982,8.536395,church library station indoor heating
poi_329,47.382906,8.53247,music guitar concert band song
poi_330,47.375054,8.539558,truck siren traffic highway driving
poi_331,47.37435,8.544463,taxi horn engine motor vehicle
poi_332,47.377556,8.540751,taxi horn engine motor vehicle
poi_333,47.374717,8.539635,tree leaves wind lake grass
poi_334,47.371554,8.532466,welding construction drill machine equipment
poi_335,47.375359,8.54447,taxi horn engine motor vehicle
poi_336,47.379855,8.529439,children footsteps cheer applause speech
poi_337,47.37215,8.542849,tram train bus public transport
poi_338,47.374377,8.538343,cafe restaurant conversation voice chat
poi_339,47.379521,8.542819,factory industrial hammer metal crane
poi_340,47.365663,8.536529,music guitar concert band song
poi_341,47.370617,8.541714,tram train bus public transport
poi_342,47.380606,8.535564,truck siren traffic highway driving
poi_343,47.377505,8.538525,crane jackhammer demolition industrial metal
poi_344,47.383665,8.529104,saw equipment pump generator compressor
poi_345,47.370427,8.536915,truck siren traffic highway driving
poi_346,47.383752,8.53274,bar people shout crowd sing
poi_347,47.367478,8.548625,animal dog park garden bird
poi_348,47.365243,8.544288,flower forest rain sky creek
poi_349,47.380884,8.534608,children footsteps cheer applause speech
poi_350,47.378961,8.530393,factory industrial hammer metal crane
poi_351,47.369415,8.547033,choir orchestra trumpet song dj
poi_352,47.374878,8.54347,concert band music festival jazz
poi_353,47.37433,8.539259,piano jazz classical melody festival
poi_354,47.378958,8.541678,motorcycle scooter bicycle road
poi_355,47.376601,8.544997,construction drill hammer machine factory
poi_356,47.369598,8.538998,music guitar concert band song
poi_357,47.36903,8.54974,tree leaves wind lake grass
poi_358,47.366656,8.53977,taxi horn engine motor vehicle
poi_359,47.377035,8.535275,crane jackhammer demolition industrial metal
poi_360,47.370857,8.547156,church library station indoor heating
poi_361,47.373053,8.538266,market talk laugh people cafe
poi_362,47.365139,8.54217,bee insect water lake tree
poi_363,47.370645,8.540111,flower forest rain sky creek
poi_364,47.370219,8.538799,museum library church indoor hall
poi_365,47.377763,8.540615,animal dog park garden bird
poi_366,47.373366,8.534839,escalator door office hall museum
poi_367,47.382544,8.53009,concert band music festival jazz
poi_368,47.373339,8.542123,children footsteps cheer applause speech
poi_369,47.372764,8.543102,bee insect water lake tree
poi_370,47.383955,8.53725,tram train bus public transport
poi_371,47.377526,8.544773,market talk laugh people cafe
poi_372,47.379367,8.53211,cafe restaurant conversation voice chat
poi_373,47.377894,8.539175,bird water river garden park
poi_374,47.37468,8.539856,crowd people talk laugh market
poi_375,47.37354,8.538756,bar people shout crowd sing
poi_376,47.383128,8.539629,welding construction drill machine equipment
poi_377,47.380459,8.532504,factory industrial hammer metal crane
poi_378,47.366139,8.536106,busker drums rock violin flute
poi_379,47.373187,8.544275,tram train bus public transport
poi_380,47.379126,8.5289,music guitar concert band song
poi_381,47.375564,8.542296,music guitar concert band song
poi_382,47.384597,8.52998,crane jackhammer demolition industrial metal
poi_383,47.371013,8.533083,truck siren traffic highway driving
poi_384,47.375964,8.540082,bar people shout crowd sing
poi_385,47.379075,8.53233,flower forest rain sky creek
poi_386,47.379398,8.528309,children footsteps cheer applause speech
poi_387,47.374736,8.531733,choir orchestra trumpet song dj
poi_388,47.384264,8.53118,motorcycle scooter bicycle road
poi_389,47.367597,8.540722,bird water river garden park
poi_390,47.374638,8.539844,truck siren traffic highway driving
poi_391,47.371511,8.540447,taxi horn engine motor vehicle
poi_392,47.384795,8.535077,motorcycle scooter bicycle road
poi_393,47.384759,8.536245,concert band music festival jazz
poi_394,47.368334,8.536184,museum library church indoor hall
poi_395,47.365842,8.546358,tree leaves wind lake grass
poi_396,47.370659,8.536893,animal dog park garden bird
poi_397,47.371981,8.544408,busker drums rock violin flute
poi_398,47.377465,8.544399,bar people shout crowd sing
poi_399,47.381864,8.538279,car traffic road driving highway
poi_400,47.378788,8.529796,truck siren traffic highway driving
poi_401,47.379249,8.53844,taxi horn engine motor vehicle
poi_402,47.377267,8.539849,church library station indoor heating
poi_403,47.378262,8.531305,market talk laugh people cafe
poi_404,47.378271,8.538675,tree leaves wind lake grass
poi_405,47.377457,8.543813,bird water river garden park
poi_406,47.376904,8.540121,bar people shout crowd sing
poi_407,47.379725,8.533419,motorcycle scooter bicycle road
poi_408,47.373617,8.540917,station airport office elevator door
poi_409,47.37948,8.537888,church library station indoor heating
poi_410,47.376926,8.541607,children footsteps cheer applause speech
poi_411,47.37895,8.538216,construction drill hammer machine factory
poi_412,47.366349,8.547494,piano jazz classical melody festival
poi_413,47.374564,8.54377,children footsteps cheer applause speech
poi_414,47.376941,8.541536,museum library church indoor hall
poi_415,47.372419,8.537332,motorcycle scooter bicycle road
poi_416,47.374065,8.543864,crowd people talk laugh market
poi_417,47.372165,8.538348,tree leaves wind lake grass
poi_418,47.369532,8.545165,animal dog park garden bird
poi_419,47.378646,8.544507,bar people shout crowd sing
poi_420,47.369532,8.544017,flower forest rain sky creek
poi_421,47.376276,8.542966,bar people shout crowd sing
poi_422,47.374754,8.539527,concert band music festival jazz
poi_423,47.382091,8.528088,busker drums rock violin flute
poi_424,47.373791,8.538757,children footsteps cheer applause speech
poi_425,47.377169,8.539828,taxi horn engine motor vehicle
poi_426,47.36605,8.546482,factory industrial hammer metal crane
poi_427,47.382624,8.536169,escalator door office hall museum
poi_428,47.373557,8.54093,music guitar concert band song
poi_429,47.367402,8.545701,motorcycle scooter bicycle road
poi_430,47.375044,8.543918,truck siren traffic highway driving
poi_431,47.367056,8.542062,truck siren traffic highway driving
poi_432,47.371628,8.548494,tram train bus public transport
poi_433,47.37334,8.5441,busker drums rock violin flute
poi_434,47.373563,8.540058,animal dog park garden bird
poi_435,47.378664,8.538754,museum library church indoor hall
poi_436,47.384226,8.534006,welding construction drill machine equipment
poi_437,47.374479,8.544096,cafe restaurant conversation voice chat
poi_438,47.374455,8.541986,animal dog park garden bird
poi_439,47.367215,8.545735,choir orchestra trumpet song dj
poi_440,47.375786,8.539238,museum library church indoor hall
poi_441,47.379915,8.537134,cafe restaurant conversation voice chat
poi_442,47.383496,8.537357,bar people shout crowd sing
poi_443,47.380824,8.539584,bird water river garden park
poi_444,47.370115,8.549251,factory industrial hammer metal crane
poi_445,47.365125,8.535062,tram train bus public transport
poi_446,47.373873,8.538719,fan ventilation heating indoor ac
poi_447,47.365457,8.535686,escalator door office hall museum
poi_448,47.374602,8.542807,bar people shout crowd sing
poi_449,47.376501,8.539154,animal dog park garden bird
poi_450,47.372284,8.540908,car traffic road driving highway
poi_451,47.365862,8.545667,choir orchestra trumpet song dj
poi_452,47.376627,8.542362,museum library church indoor hall
poi_453,47.376536,8.530296,bar people shout crowd sing
poi_454,47.380662,8.534567,tram train bus public transport
poi_455,47.369866,8.544455,bird water river garden park
poi_456,47.375737,8.542905,music guitar concert band song
poi_457,47.372827,8.541771,factory industrial hammer metal crane
poi_458,47.370446,8.547472,fan ventilation heating indoor ac
poi_459,47.380067,8.528473,tram train bus public transport
poi_460,47.380314,8.528033,museum library church indoor hall
poi_461,47.379044,8.529081,car traffic road driving highway
poi_462,47.375866,8.541197,saw equipment pump generator compressor
poi_463,47.378351,8.537758,saw equipment pump generator compressor
poi_464,47.37681,8.540189,car traffic road driving highway
poi_465,47.370097,8.532076,children footsteps cheer applause speech
poi_466,47.377367,8.544686,crowd people talk laugh market
poi_467,47.37689,8.53928,choir orchestra trumpet song dj
poi_468,47.377014,8.542829,choir orchestra trumpet song dj
poi_469,47.365791,8.545443,tree leaves wind lake grass
poi_470,47.37416,8.538861,animal dog park garden bird
poi_471,47.369279,8.546687,cafe restaurant conversation voice chat
poi_472,47.384443,8.529355,bird water river garden park
poi_473,47.372616,8.534714,market talk laugh people cafe
poi_474,47.371845,8.545048,bee insect water lake tree
poi_475,47.374328,8.5409,welding construction drill machine equipment
poi_476,47.370873,8.543375,museum library church indoor hall
poi_477,47.376434,8.532354,animal dog park garden bird
poi_478,47.365524,8.542375,flower forest rain sky creek
poi_479,47.375069,8.538257,tram train bus public transport
poi_480,47.374591,8.542019,motorcycle scooter bicycle road
poi_481,47.380212,8.539768,museum library church indoor hall
poi_482,47.374034,8.530537,construction drill hammer machine factory
poi_483,47.377341,8.541936,escalator door office hall museum
poi_484,47.37418,8.53838,bar people shout crowd sing
poi_485,47.375361,8.542338,busker drums rock violin flute
poi_486,47.378798,8.537112,children footsteps cheer applause speech
poi_487,47.376979,8.544751,market talk laugh people cafe
poi_488,47.376213,8.53832,cafe restaurant conversation voice chat
poi_489,47.378749,8.53533,bar people shout crowd sing
poi_490,47.368199,8.546721,car traffic road driving highway
poi_491,47.378326,8.535599,museum library church indoor hall
poi_492,47.381202,8.535072,motorcycle scooter bicycle road
poi_493,47.375304,8.530729,church library station indoor heating
poi_494,47.384471,8.537373,concert band music festival jazz
poi_495,47.370113,8.536926,bee insect water lake tree
poi_496,47.375025,8.540693,crane jackhammer demolition industrial metal
poi_497,47.374387,8.5404,cafe restaurant conversation voice chat
poi_498,47.367889,8.5455,taxi horn engine motor vehicle
poi_499,47.376271,8.544549,station airport office elevator door
poi_500,47.369369,8.539359,tree leaves wind lake grass
poi_501,47.368527,8.545415,bird water river garden park
poi_502,47.375374,8.54208,animal dog park garden bird
poi_503,47.377265,8.540957,crowd people talk laugh market
poi_504,47.373809,8.530796,taxi horn engine motor vehicle
poi_505,47.371885,8.545251,bird water river garden park
poi_506,47.373224,8.541788,choir orchestra trumpet song dj
poi_507,47.376161,8.540133,crane jackhammer demolition industrial metal
poi_508,47.379663,8.537412,fan ventilation heating indoor ac
poi_509,47.379265,8.535813,fan ventilation heating indoor ac
poi_510,47.37013,8.53377,bar people shout crowd sing
poi_511,47.37138,8.545569,market talk laugh people cafe
poi_512,47.370433,8.549464,tree leaves wind lake grass
poi_513,47.37187,8.532607,welding construction drill machine equipment
poi_514,47.374285,8.538349,truck siren traffic highway driving
poi_515,47.372034,8.541264,bird water river garden park
poi_516,47.3715,8.543953,concert band music festival jazz
poi_517,47.374943,8.542009,busker drums rock violin flute
poi_518,47.371699,8.542809,piano jazz classical melody festival
poi_519,47.381802,8.532841,tree leaves wind lake grass
poi_520,47.373986,8.540055,factory industrial hammer metal crane
poi_521,47.384976,8.537884,music guitar concert band song
poi_522,47.376689,8.536685,church library station indoor heating
poi_523,47.371712,8.545238,bird water river garden park
poi_524,47.379796,8.536688,market talk laugh people cafe
poi_525,47.375086,8.541561,busker drums rock violin flute
poi_526,47.367242,8.536235,bee insect water lake tree
poi_527,47.376269,8.533162,cafe restaurant conversation voice chat
poi_528,47.38385,8.530467,welding construction drill machine equipment
poi_529,47.377469,8.532306,saw equipment pump generator compressor
poi_530,47.370875,8.530814,concert band music festival jazz
poi_531,47.37575,8.533415,motorcycle scooter bicycle road
poi_532,47.382412,8.533196,crowd people talk laugh market
poi_533,47.376414,8.539275,concert band music festival jazz
poi_534,47.377009,8.531089,museum library church indoor hall
poi_535,47.376721,8.540109,bar people shout crowd sing
poi_536,47.380766,8.535929,truck siren traffic highway driving
poi_537,47.365955,8.540865,concert band music festival jazz
poi_538,47.377761,8.539009,fan ventilation heating indoor ac
poi_539,47.375535,8.538326,car traffic road driving highway
poi_540,47.38176,8.539364,flower forest rain sky creek
poi_541,47.367889,8.544689,cafe restaurant conversation voice chat
poi_542,47.366546,8.547521,tree leaves wind lake grass
poi_543,47.378514,8.543986,escalator door office hall museum
poi_544,47.372907,8.53101,truck siren traffic highway driving
poi_545,47.384661,8.532286,station airport office elevator door
poi_546,47.372851,8.531047,motorcycle scooter bicycle road
poi_547,47.380298,8.535913,station airport office elevator door
poi_548,47.376846,8.544711,children footsteps cheer applause speech
poi_549,47.3705,8.545683,children footsteps cheer applause speech
poi_550,47.372806,8.543131,animal dog park garden bird
poi_551,47.380511,8.531666,tram train bus public transport
poi_552,47.378418,8.542881,truck siren traffic highway driving
poi_553,47.366843,8.548295,bird water river garden park
poi_554,47.378496,8.539474,bee insect water lake tree
poi_555,47.383384,8.530553,children footsteps cheer applause speech
poi_556,47.382577,8.529784,bee insect water lake tree
poi_557,47.372803,8.541508,children footsteps cheer applause speech
poi_558,47.376627,8.54272,bee insect water lake tree
poi_559,47.3703,8.537106,bee insect water lake tree
poi_560,47.370151,8.542253,tree leaves wind lake grass
poi_561,47.379622,8.531172,cafe restaurant conversation voice chat
poi_562,47.374329,8.544425,bird water river garden park
poi_563,47.372619,8.544779,fan ventilation heating indoor ac
poi_564,47.375472,8.541991,choir orchestra trumpet song dj
poi_565,47.375526,8.544288,children footsteps cheer applause speech
poi_566,47.384809,8.530675,flower forest rain sky creek
poi_567,47.383549,8.538646,cafe restaurant conversation voice chat
poi_568,47.379159,8.528925,tram train bus public transport
poi_569,47.366308,8.540433,car traffic road driving highway
poi_570,47.367902,8.539953,animal dog park garden bird
poi_571,47.379475,8.529935,construction drill hammer machine factory
poi_572,47.365302,8.543602,bee insect water lake tree
poi_573,47.378908,8.532203,tram train bus public transport
poi_574,47.382196,8.534763,children footsteps cheer applause speech
poi_575,47.372166,8.539098,welding construction drill machine equipment
poi_576,47.366536,8.541162,bee insect water lake tree
poi_577,47.369362,8.542662,flower forest rain sky creek
poi_578,47.382176,8.528826,tree leaves wind lake grass
poi_579,47.370166,8.537841,escalator door office hall museum
poi_580,47.369239,8.537661,church library station indoor heating
poi_581,47.378778,8.537971,music guitar concert band song
poi_582,47.382616,8.538824,car traffic road driving highway
poi_583,47.381654,8.532445,market talk laugh people cafe
poi_584,47.379606,8.537628,escalator door office hall museum
poi_585,47.375534,8.54319,truck siren traffic highway driving
poi_586,47.374255,8.533818,music guitar concert band song
poi_587,47.37559,8.541806,crowd people talk laugh market
poi_588,47.37578,8.531767,tram train bus public transport
poi_589,47.374453,8.538746,concert band music festival jazz
poi_590,47.373568,8.541753,church library station indoor heating
poi_591,47.377951,8.540782,market talk laugh people cafe
poi_592,47.379251,8.534709,taxi horn engine motor vehicle
poi_593,47.376645,8.540787,crowd people talk laugh market
poi_594,47.368126,8.54549,tree leaves wind lake grass
poi_595,47.383503,8.53761,car traffic road driving highway
poi_596,47.367724,8.544538,piano jazz classical melody festival
poi_597,47.384481,8.533225,cafe restaurant conversation voice chat
poi_598,47.37248,8.538264,choir orchestra trumpet song dj
poi_599,47.37627,8.542182,tree leaves wind lake grass
poi_600,47.381073,8.53042,church library station indoor heating
poi_601,47.373168,8.543488,station airport office elevator door
poi_602,47.369718,8.540396,tram train bus public transport
poi_603,47.379968,8.541695,motorcycle scooter bicycle road
poi_604,47.382103,8.534213,museum library church indoor hall
poi_605,47.375496,8.540892,factory industrial hammer metal crane
poi_606,47.374085,8.543709,cafe restaurant conversation voice chat
poi_607,47.384508,8.534899,animal dog park garden bird
poi_608,47.375586,8.537548,car traffic road driving highway
poi_609,47.377257,8.543692,escalator door office hall museum
poi_610,47.381942,8.53724,escalator door office hall museum
poi_611,47.384276,8.538344,taxi horn engine motor vehicle
poi_612,47.373827,8.54183,tram train bus public transport
poi_613,47.374475,8.540472,fan ventilation heating indoor ac
poi_614,47.367011,8.540984,taxi horn engine motor vehicle
poi_615,47.375546,8.532677,tram train bus public transport
poi_616,47.373097,8.543223,tree leaves wind lake grass
poi_617,47.38316,8.530818,children footsteps cheer applause speech
poi_618,47.366604,8.547524,busker drums rock violin flute
poi_619,47.370453,8.536798,animal dog park garden bird
poi_620,47.377642,8.538122,motorcycle scooter bicycle road
poi_621,47.375724,8.541446,factory industrial hammer metal crane
poi_622,47.374945,8.544891,flower forest rain sky creek
poi_623,47.379555,8.53492,bar people shout crowd sing
poi_624,47.384578,8.528391,tree leaves wind lake grass
poi_625,47.384836,8.536379,car traffic road driving highway
poi_626,47.376741,8.535691,taxi horn engine motor vehicle
poi_627,47.373123,8.53984,market talk laugh people cafe
poi_628,47.374196,8.541491,children footsteps cheer applause speech
poi_629,47.377126,8.539957,cafe restaurant conversation voice chat
poi_630,47.370699,8.545812,concert band music festival jazz
poi_631,47.383994,8.530353,crane jackhammer demolition industrial metal
poi_632,47.38364,8.530119,truck siren traffic highway driving
poi_633,47.376712,8.5401,church library station indoor heating
poi_634,47.373984,8.540358,taxi horn engine motor vehicle
poi_635,47.383873,8.529156,fan ventilation heating indoor ac
poi_636,47.374162,8.541902,taxi horn engine motor vehicle
poi_637,47.374118,8.535266,market talk laugh people cafe
poi_638,47.369038,8.544748,children footsteps cheer applause speech
poi_639,47.373951,8.541573,motorcycle scooter bicycle road
poi_640,47.373811,8.534298,cafe restaurant conversation voice chat
poi_641,47.369484,8.548929,bee insect water lake tree
poi_642,47.383942,8.528856,cafe restaurant conversation voice chat
poi_643,47.373901,8.540039,bar people shout crowd sing
poi_644,47.377326,8.543467,bee insect water lake tree
poi_645,47.380898,8.530207,cafe restaurant conversation voice chat
poi_646,47.377643,8.542905,cafe restaurant conversation voice chat
poi_647,47.378721,8.528766,factory industrial hammer metal crane
poi_648,47.370264,8.535955,music guitar concert band song
poi_649,47.372625,8.532329,bar people shout crowd sing
poi_650,47.373376,8.543163,piano jazz classical melody festival
poi_651,47.368687,8.537559,flower forest rain sky creek
poi_652,47.377185,8.54127,flower forest rain sky creek
poi_653,47.378946,8.539382,truck siren traffic highway driving
poi_654,47.382417,8.53563,truck siren traffic highway driving
poi_655,47.377454,8.541372,crowd people talk laugh market
poi_656,47.380155,8.532946,crowd people talk laugh market
poi_657,47.375233,8.541374,taxi horn engine motor vehicle
poi_658,47.381746,8.536253,motorcycle scooter bicycle road
poi_659,47.372055,8.541013,cafe restaurant conversation voice chat
poi_660,47.375482,8.532829,animal dog park garden bird
poi_661,47.379749,8.536579,motorcycle scooter bicycle road
poi_662,47.366841,8.541334,bee insect water lake tree
poi_663,47.373708,8.5432,motorcycle scooter bicycle road
poi_664,47.370974,8.537736,animal dog park garden bird
poi_665,47.379905,8.535473,crowd people talk laugh market
poi_666,47.365347,8.543025,bird water river garden park
poi_667,47.373615,8.543006,tram train bus public transport
poi_668,47.371507,8.537404,taxi horn engine motor vehicle
poi_669,47.384986,8.533564,fan ventilation heating indoor ac
poi_670,47.378435,8.544275,motorcycle scooter bicycle road
poi_671,47.375432,8.532724,flower forest rain sky creek
poi_672,47.383798,8.529464,station airport office elevator door
poi_673,47.383399,8.533316,museum library church indoor hall
poi_674,47.368226,8.546565,cafe restaurant conversation voice chat
poi_675,47.380724,8.539535,piano jazz classical melody festival
poi_676,47.377447,8.538244,motorcycle scooter bicycle road
poi_677,47.373192,8.544213,tree leaves wind lake grass
poi_678,47.37236,8.536512,taxi horn engine motor vehicle
poi_679,47.373958,8.533646,church library station indoor heating
poi_680,47.382819,8.52986,station airport office elevator door
poi_681,47.368499,8.545289,bird water river garden park
poi_682,47.373555,8.532309,construction drill hammer machine factory
poi_683,47.368415,8.539751,children footsteps cheer applause speech
poi_684,47.383132,8.528256,tree leaves wind lake grass
poi_685,47.377392,8.541397,busker drums rock violin flute
poi_686,47.379328,8.53024,animal dog park garden bird
poi_687,47.377206,8.542191,tree leaves wind lake grass
poi_688,47.375311,8.536741,bee insect water lake tree
poi_689,47.374724,8.543431,station airport office elevator door
poi_690,47.376197,8.535461,children footsteps cheer applause speech
poi_691,47.376583,8.538084,truck siren traffic highway driving
poi_692,47.38336,8.52985,animal dog park garden bird
poi_693,47.372663,8.541662,cafe restaurant conversation voice chat
poi_694,47.371114,8.538031,bird water river garden park
poi_695,47.37571,8.542544,market talk laugh people cafe
poi_696,47.372295,8.539545,car traffic road driving highway
poi_697,47.36959,8.548926,choir orchestra trumpet song dj
poi_698,47.373609,8.541152,flower forest rain sky creek
poi_699,47.378236,8.533987,car traffic road driving highway
poi_700,47.372468,8.539511,museum library church indoor hall
poi_701,47.368722,8.537842,cafe restaurant conversation voice chat
poi_702,47.368909,8.543372,truck siren traffic highway driving
poi_703,47.376047,8.542918,music guitar concert band song
poi_704,47.370547,8.543249,cafe restaurant conversation voice chat
poi_705,47.384535,8.53883,taxi horn engine motor vehicle
poi_706,47.374474,8.542433,taxi horn engine motor vehicle
poi_707,47.368942,8.538209,busker drums rock violin flute
poi_708,47.37777,8.541132,music guitar concert band song
poi_709,47.375575,8.541623,saw equipment pump generator compressor
poi_710,47.373003,8.533328,bird water river garden park
poi_711,47.377515,8.541579,church library station indoor heating
poi_712,47.36566,8.541906,flower forest rain sky creek
poi_713,47.377338,8.539749,children footsteps cheer applause speech
poi_714,47.375705,8.538536,car traffic road driving highway
poi_715,47.376757,8.53921,truck siren traffic highway driving
poi_716,47.375952,8.534506,market talk laugh people cafe
poi_717,47.378549,8.528671,fan ventilation heating indoor ac
poi_718,47.380916,8.538414,crane jackhammer demolition industrial metal
poi_719,47.376339,8.539483,truck siren traffic highway driving
poi_720,47.373193,8.538474,tram train bus public transport
poi_721,47.365354,8.545974,animal dog park garden bird
poi_722,47.372221,8.534347,tram train bus public transport
poi_723,47.372495,8.542,bar people shout crowd sing
poi_724,47.37251,8.541513,tram train bus public transport
poi_725,47.368366,8.537972,bee insect water lake tree
poi_726,47.368928,8.549956,cafe restaurant conversation voice chat
poi_727,47.372663,8.536451,market talk laugh people cafe
poi_728,47.371125,8.536204,tram train bus public transport
poi_729,47.374067,8.542588,tram train bus public transport
poi_730,47.375697,8.544931,piano jazz classical melody festival
poi_731,47.378314,8.537818,children footsteps cheer applause speech
poi_732,47.370304,8.547791,bird water river garden park
poi_733,47.371643,8.548901,saw equipment pump generator compressor
poi_734,47.373433,8.542064,motorcycle scooter bicycle road
poi_735,47.373319,8.5411,truck siren traffic highway driving
poi_736,47.375293,8.542361,construction drill hammer machine factory
poi_737,47.382081,8.535962,cafe restaurant conversation voice chat
poi_738,47.37284,8.541838,crowd people talk laugh market
poi_739,47.382583,8.5281,flower forest rain sky creek
poi_740,47.377186,8.538134,animal dog park garden bird
poi_741,47.371859,8.542628,taxi horn engine motor vehicle
poi_742,47.384067,8.534379,market talk laugh people cafe
poi_743,47.381925,8.53655,market talk laugh people cafe
poi_744,47.374001,8.540754,children footsteps cheer applause speech
poi_745,47.374132,8.540116,factory industrial hammer metal crane
poi_746,47.376871,8.542381,bird water river garden park
poi_747,47.373353,8.540393,piano jazz classical melody festival
poi_748,47.377299,8.537811,cafe restaurant conversation voice chat
poi_749,47.379683,8.529833,concert band music festival jazz
poi_750,47.374695,8.538922,church library station indoor heating
poi_751,47.371038,8.539635,truck siren traffic highway driving
poi_752,47.36801,8.548635,concert band music festival jazz
poi_753,47.367222,8.54336,museum library church indoor hall
poi_754,47.367223,8.548195,taxi horn engine motor vehicle
poi_755,47.384728,8.53164,fan ventilation heating indoor ac
poi_756,47.370454,8.536602,bee insect water lake tree
poi_757,47.375634,8.542287,station airport office elevator door
poi_758,47.373593,8.540322,factory industrial hammer metal crane
poi_759,47.382984,8.532488,welding construction drill machine equipment
poi_760,47.378963,8.530319,crowd people talk laugh market
poi_761,47.377701,8.539558,station airport office elevator door
poi_762,47.365463,8.548907,church library station indoor heating
poi_763,47.382815,8.538401,welding construction drill machine equipment
poi_764,47.383434,8.535295,saw equipment pump generator compressor
poi_765,47.382281,8.53691,truck siren traffic highway driving
poi_766,47.375206,8.536774,bird water river garden park
poi_767,47.368631,8.540934,truck siren traffic highway driving
poi_768,47.381613,8.535568,children footsteps cheer applause speech
poi_769,47.380786,8.531655,welding construction drill machine equipment
poi_770,47.367957,8.544197,bee insect water lake tree
poi_771,47.368245,8.544692,bee insect water lake tree
poi_772,47.371798,8.538782,bee insect water lake tree
poi_773,47.367751,8.539852,animal dog park garden bird
poi_774,47.371178,8.536353,tree leaves wind lake grass
poi_775,47.370912,8.540593,crowd people talk laugh market
poi_776,47.383088,8.539702,tram train bus public transport
poi_777,47.381852,8.528527,children footsteps cheer applause speech
poi_778,47.366135,8.537169,music guitar concert band song
poi_779,47.380156,8.536762,busker drums rock violin flute
poi_780,47.365823,8.536974,bee insect water lake tree
poi_781,47.372073,8.541483,music guitar concert band song
poi_782,47.379665,8.535066,motorcycle scooter bicycle road
poi_783,47.378556,8.535201,market talk laugh people cafe
poi_784,47.375719,8.541903,car traffic road driving highway
poi_785,47.366038,8.544799,bird water river garden park
poi_786,47.373987,8.538614,cafe restaurant conversation voice chat
poi_787,47.369705,8.544166,truck siren traffic highway driving
poi_788,47.371764,8.54624,bird water river garden park
poi_789,47.377685,8.534842,bird water river garden park
poi_790,47.383903,8.528779,car traffic road driving highway
poi_791,47.373975,8.540896,cafe restaurant conversation voice chat
poi_792,47.371093,8.540946,crowd people talk laugh market
poi_793,47.383069,8.535257,fan ventilation heating indoor ac
poi_794,47.382262,8.531798,truck siren traffic highway driving
poi_795,47.377563,8.5423,choir orchestra trumpet song dj
poi_796,47.383656,8.538604,children footsteps cheer applause speech
poi_797,47.365011,8.53536,crowd people talk laugh market
poi_798,47.370597,8.549985,flower forest rain sky creek
poi_799,47.375362,8.542463,cafe restaurant conversation voice chat
poi_800,47.373527,8.538475,concert band music festival jazz
